;a_bbox;o_bbox;cat_id;area;img_id;comments
998954;93.0|1419.0|1866.0|1486.0;1866.0|1486.0|1866.0|1419.0|93.0|1419.0|93.0|1486.0;135|208;16762;7;"instance:#0000ea;"
998808;93.0|127.0|1866.0|194.0;1866.0|194.0|1866.0|127.0|93.0|127.0|93.0|194.0;135|208;15570;7;"instance:#000013;"
999087;93.0|2034.0|1866.0|2101.0;1866.0|2101.0|1866.0|2034.0|93.0|2034.0|93.0|2101.0;135|208;15349;7;"instance:#00018d;"
998953;93.0|1250.0|1866.0|1317.0;1866.0|1317.0|1866.0|1250.0|93.0|1250.0|93.0|1317.0;135|208;14222;7;"instance:#0000e4;"
999095;93.0|2542.0|1866.0|2609.0;1866.0|2609.0|1866.0|2542.0|93.0|2542.0|93.0|2609.0;135|208;13986;7;"instance:#0001b0;"
998809;93.0|635.0|1866.0|702.0;1866.0|702.0|1866.0|635.0|93.0|635.0|93.0|702.0;135|208;13960;7;"instance:#000028;"
998955;93.0|1589.0|1866.0|1656.0;1866.0|1656.0|1866.0|1589.0|93.0|1589.0|93.0|1656.0;135|208;13946;7;"instance:#0000f1;"
999088;93.0|2373.0|1866.0|2440.0;1866.0|2440.0|1866.0|2373.0|93.0|2373.0|93.0|2440.0;135|208;13603;7;"instance:#00019c;"
998819;93.0|296.0|1866.0|363.0;1866.0|363.0|1866.0|296.0|93.0|296.0|93.0|363.0;135|208;12921;7;"instance:#00003e;"
998946;93.0|1081.0|1866.0|1147.0;1866.0|1147.0|1866.0|1081.0|93.0|1081.0|93.0|1147.0;135|208;12117;7;"instance:#0000d8;"
998813;93.0|466.0|1866.0|532.0;1866.0|532.0|1866.0|466.0|93.0|466.0|93.0|532.0;135|208;11725;7;"instance:#000032;"
999089;93.0|2204.0|1866.0|2270.0;1866.0|2270.0|1866.0|2204.0|93.0|2204.0|93.0|2270.0;135|208;10723;7;"instance:#0001a4;"
999193;43.0|2034.0|86.0|2610.0;86.0|2610.0|86.0|2034.0|43.0|2034.0|43.0|2610.0;1|137;4623;7;"instance:#000212;"
998913;43.0|126.0|86.0|702.0;86.0|702.0|86.0|126.0|43.0|126.0|43.0|702.0;1|137;4609;7;"instance:#00009e;"
999048;43.0|1080.0|86.0|1656.0;86.0|1656.0|86.0|1080.0|43.0|1080.0|43.0|1656.0;1|137;4609;7;"instance:#000155;"
998827;254.0|529.0|510.0|560.0;510.6145935058594|553.6390991210938|254.397705078125|528.8838500976562|253.76510620117188|535.431396484375|509.98199462890625|560.1866455078125;122|201;1640;7;"instance:#000048;"
998826;255.0|516.0|508.0|546.0;508.5758361816406|540.03857421875|255.04348754882812|515.5496826171875|254.4100341796875|522.1077880859375|507.9423828125|546.5966796875;122|201;1579;7;"instance:#000047;"
998986;482.0|1214.0|703.0|1256.0;704.0389404296875|1220.3695068359375|702.9887084960938|1213.930908203125|481.5199279785156|1250.0570068359375|482.5701904296875|1256.49560546875;122|201;1434;7;"instance:#000117;"
999147;820.0|2176.0|1027.0|2182.0;1027.0|2182.0|1027.0|2176.0|820.0|2176.0|820.0|2182.0;122|201;1426;7;"instance:#0001e4;"
999153;273.0|2176.0|479.0|2182.0;479.0|2182.0|479.0|2176.0|273.0|2176.0|273.0|2182.0;122|201;1413;7;"instance:#0001ea;"
998987;483.0|1228.0|701.0|1269.0;701.992919921875|1234.0853271484375|700.9422607421875|1227.646240234375|482.0790710449219|1263.35546875|483.1296691894531|1269.794677734375;122|201;1397;7;"instance:#000118;"
999156;1615.0|2267.0|1826.0|2286.0;1826.3642578125|2280.233642578125|1615.2589111328125|2266.900634765625|1614.8424072265625|2273.495361328125|1825.94775390625|2286.828369140625;122|201;1393;7;"instance:#0001ed;"
998908;107.0|106.0|147.0|218.0;153.66287231445312|213.81015014648438|135.8778839111328|104.87706756591797|96.43934631347656|111.31600952148438|114.22433471679688|220.24908447265625;6|142;1392;7;"instance:#000099;"
999040;107.0|1229.0|147.0|1341.0;153.66287231445312|1336.8101806640625|135.9038543701172|1228.0361328125|96.46531677246094|1234.47509765625|114.22433471679688|1343.2491455078125;6|142;1391;7;"instance:#00014d;"
999039;107.0|1059.0|147.0|1172.0;153.6369171142578|1167.651123046875|135.7448272705078|1058.06201171875|96.30628967285156|1064.5009765625|114.19837951660156|1174.090087890625;6|142;1387;7;"instance:#00014c;"
999155;1616.0|2254.0|1826.0|2273.0;1826.3880615234375|2266.856201171875|1616.027099609375|2253.570068359375|1615.611328125|2260.154296875|1825.97216796875|2273.4404296875;122|201;1387;7;"instance:#0001ec;"
999190;107.0|2183.0|147.0|2295.0;153.63690185546875|2290.651123046875|135.8778839111328|2181.877197265625|96.43934631347656|2188.31591796875|114.1983642578125|2297.090087890625;6|142;1385;7;"instance:#00020f;"
999189;107.0|2013.0|147.0|2125.0;153.52981567382812|2120.9951171875|135.7448272705078|2012.06201171875|96.46531677246094|2018.47509765625|114.25030517578125|2127.408203125;6|142;1382;7;"instance:#00020e;"
999003;1396.0|1214.0|1605.0|1256.0;1606.102783203125|1220.3961181640625|1604.9942626953125|1213.966552734375|1394.995361328125|1250.1732177734375|1396.10400390625|1256.602783203125;122|201;1381;7;"instance:#000128;"
998907;107.0|275.0|147.0|387.0;153.52981567382812|382.9951171875|135.7448272705078|274.0620422363281|96.46531677246094|280.47503662109375|114.25030517578125|389.4081115722656;6|142;1381;7;"instance:#000098;"
999142;1094.0|2171.0|1301.0|2190.0;1301.3751220703125|2184.185546875|1094.012451171875|2170.807373046875|1093.587646484375|2177.392822265625|1300.9501953125|2190.77099609375;122|201;1378;7;"instance:#0001df;"
999143;1094.0|2185.0|1301.0|2204.0;1301.41455078125|2197.5751953125|1094.0517578125|2184.19677734375|1093.626953125|2190.782470703125|1300.9896240234375|2204.16064453125;122|201;1378;7;"instance:#0001e0;"
999137;1349.0|2267.0|1554.0|2273.0;1554.0|2273.0|1554.0|2267.0|1349.0|2267.0|1349.0|2273.0;122|201;1372;7;"instance:#0001da;"
999004;1396.0|1228.0|1604.0|1269.0;1605.0277099609375|1233.960693359375|1603.919189453125|1227.5311279296875|1395.058837890625|1263.5416259765625|1396.16748046875|1269.97119140625;122|201;1371;7;"instance:#000129;"
998868;1228.0|376.0|1421.0|382.0;1421.0|382.0|1421.0|376.0|1228.0|376.0|1228.0|382.0;122|201;1358;7;"instance:#000071;"
999151;546.0|2171.0|753.0|2190.0;753.1844482421875|2184.140869140625|546.0145263671875|2170.775146484375|545.5896606445312|2177.360595703125|752.7595825195312|2190.726318359375;122|201;1338;7;"instance:#0001e8;"
999152;547.0|2185.0|751.0|2204.0;751.4248657226562|2197.41455078125|547.0497436523438|2184.22900390625|546.6248779296875|2190.814453125|751.0|2204.0;122|201;1296;7;"instance:#0001e9;"
999138;1349.0|2281.0|1555.0|2286.0;1555.0|2286.0|1555.0|2281.0|1349.0|2281.0|1349.0|2286.0;122|201;1209;7;"instance:#0001db;"
999148;822.0|2190.0|1027.0|2195.0;1027.0|2195.0|1027.0|2190.0|822.0|2190.0|822.0|2195.0;122|201;1188;7;"instance:#0001e5;"
999154;274.0|2190.0|478.0|2195.0;478.0|2195.0|478.0|2190.0|274.0|2190.0|274.0|2195.0;122|201;1170;7;"instance:#0001eb;"
998869;1227.0|390.0|1421.0|395.0;1421.0|390.0|1227.0|390.0|1227.0|395.0|1421.0|395.0;122|201;1167;7;"instance:#000072;"
998988;463.0|1470.0|640.0|1485.0;640.325927734375|1479.3291015625|463.2212219238281|1469.150634765625|462.84197998046875|1475.74951171875|639.9466552734375|1485.927978515625;122|201;1160;7;"instance:#000119;"
999111;254.0|2068.0|423.0|2087.0;423.24365234375|2074.0859375|422.72540283203125|2067.521728515625|253.51690673828125|2080.88037109375|254.03515625|2087.444580078125;122|201;1113;7;"instance:#0001c0;"
999005;1377.0|1486.0|1543.0|1502.0;1543.3743896484375|1495.915283203125|1377.019775390625|1485.6781005859375|1376.615234375|1492.253173828125|1542.9698486328125|1502.490478515625;122|201;1099;7;"instance:#00012a;"
998992;743.0|1338.0|912.0|1352.0;912.2839965820312|1346.149658203125|743.197021484375|1337.941650390625|742.8768310546875|1344.5377197265625|911.9638061523438|1352.745849609375;122|201;1096;7;"instance:#00011d;"
999007;1665.0|1223.0|1822.0|1240.0;1822.4658203125|1233.5380859375|1665.05810546875|1222.193359375|1664.5833740234375|1228.78076171875|1821.990966796875|1240.12548828125;122|201;1032;7;"instance:#00012c;"
998847;1472.0|357.0|1630.0|369.0;1630.2578125|362.470703125|1472.030517578125|356.2248840332031|1471.769775390625|362.8330078125|1629.996826171875|369.0788269042969;122|201;1028;7;"instance:#00005c;"
998870;1227.0|529.0|1381.0|565.0;1382.181640625|558.8771362304688|1227.0130615234375|528.9323120117188|1225.782470703125|535.3088989257812|1380.9510498046875|565.253662109375;122|201;1027;7;"instance:#000073;"
998991;744.0|1325.0|871.0|1337.0;871.3026733398438|1330.7952880859375|744.0201416015625|1324.5863037109375|743.698486328125|1331.180419921875|870.9810180664062|1337.3892822265625;122|201;824;7;"instance:#00011c;"
998846;1472.0|343.0|1593.0|354.0;1593.251708984375|347.64361572265625|1472.0062255859375|342.8418273925781|1471.7447509765625|349.4453125|1592.990234375|354.24713134765625;122|201;774;7;"instance:#00005b;"
999008;1666.0|1236.0|1783.0|1250.0;1783.4237060546875|1244.1390380859375|1666.025146484375|1235.65234375|1665.5494384765625|1242.232421875|1782.947998046875|1250.7191162109375;122|201;756;7;"instance:#00012d;"
998999;1196.0|1206.0|1307.0|1253.0;1309.0362548828125|1247.4466552734375|1196.0|1206.0|1193.8668212890625|1211.81787109375|1306.903076171875|1253.264404296875;122|201;743;7;"instance:#000124;"
998970;273.0|1201.0|385.0|1249.0;385.9329833984375|1243.984619140625|273.1817626953125|1200.5284423828125|270.96209716796875|1206.2874755859375|383.7133483886719|1249.74365234375;122|201;732;7;"instance:#000107;"
998995;1004.0|1206.0|1116.0|1249.0;1116.6900634765625|1243.96630859375|1004.08154296875|1205.759765625|1002.0712280273438|1211.6849365234375|1114.6796875|1249.891357421875;122|201;729;7;"instance:#000120;"
998849;1709.0|380.0|1813.0|423.0;1814.89404296875|417.80511474609375|1710.2235107421875|379.6440124511719|1708.094970703125|385.4825439453125|1812.765380859375|423.64361572265625;122|201;672;7;"instance:#00005e;"
998860;893.0|360.0|993.0|390.0;994.3599853515625|384.47998046875|893.811279296875|359.7071228027344|892.2762451171875|365.9376220703125|992.824951171875|390.71051025390625;122|201;657;7;"instance:#000069;"
998864;1059.0|360.0|1158.0|395.0;1159.638916015625|389.4872741699219|1059.9376220703125|359.8463134765625|1058.13623046875|365.9053955078125|1157.837646484375|395.54632568359375;122|201;648;7;"instance:#00006d;"
999043;107.0|1589.0|149.0|1641.0;149.0|1589.0|107.0|1589.0|107.0|1641.0|149.0|1641.0;9|144;620;7;"instance:#000150;"
998906;107.0|466.0|149.0|518.0;149.0|466.0|107.0|466.0|107.0|518.0|149.0|518.0;9|144;617;7;"instance:#000097;"
999042;107.0|1420.0|149.0|1472.0;149.0|1420.0|107.0|1420.0|107.0|1472.0|149.0|1472.0;9|144;614;7;"instance:#00014f;"
999192;107.0|2543.0|149.0|2595.0;149.0|2543.0|107.0|2543.0|107.0|2595.0|149.0|2595.0;9|144;612;7;"instance:#000211;"
998923;107.0|636.0|149.0|687.0;149.0|636.0|107.0|636.0|107.0|687.0|149.0|687.0;9|144;609;7;"instance:#0000a8;"
999191;107.0|2374.0|149.0|2425.0;149.0|2374.0|107.0|2374.0|107.0|2425.0|149.0|2425.0;9|144;609;7;"instance:#000210;"
999140;1159.0|2420.0|1244.0|2429.0;1244.2274169921875|2422.8603515625|1159.010986328125|2419.7041015625|1158.76708984375|2426.28759765625|1243.983642578125|2429.44384765625;122|201;572;7;"instance:#0001dd;"
999149;612.0|2420.0|696.0|2429.0;696.2274169921875|2422.8603515625|612.1575317382812|2419.74658203125|611.9136962890625|2426.330078125|695.9835815429688|2429.44384765625;122|201;557;7;"instance:#0001e6;"
999144;886.0|2065.0|970.0|2074.0;970.109619140625|2070.958984375|969.86572265625|2064.375244140625|885.7589111328125|2067.490478515625|886.0027465820312|2074.073974609375;122|201;554;7;"instance:#0001e1;"
999199;328.0|1988.0|368.0|2013.0;369.61798095703125|1992.98876953125|330.983154296875|1984.072998046875|325.455078125|2008.028076171875|364.08990478515625|2016.94384765625;106;414;7;"instance:#000218;"
999001;1231.0|1463.0|1288.0|1472.0;1288.3262939453125|1465.963623046875|1231.00732421875|1462.865234375|1230.65185546875|1469.440673828125|1287.9708251953125|1472.5389404296875;122|201;385;7;"instance:#000126;"
998900;666.0|408.0|704.0|435.0;704.43359375|418.25103759765625|677.7074584960938|402.77801513671875|665.56640625|423.74896240234375|692.2925415039062|439.2220153808594;107;356;7;"instance:#000091;"
999233;611.0|2044.0|625.0|2091.0;626.8965454101562|2044.758544921875|613.00341796875|2043.94140625|610.2620849609375|2090.544921875|624.1551513671875|2091.362060546875;87|185;299;7;"instance:#00023a;"
999118;1159.0|2044.0|1172.0|2091.0;1173.896484375|2044.7586669921875|1161.0|2044.0|1158.2620849609375|2090.544921875|1171.1585693359375|2091.303466796875;87|185;294;7;"instance:#0001c7;"
999223;885.0|2383.0|899.0|2430.0;900.84375|2383.73388671875|887.0032348632812|2382.943115234375|884.342529296875|2429.50537109375|898.1830444335938|2430.296142578125;87|185;294;7;"instance:#000230;"
999057;640.0|1283.0|660.0|1300.0;663.0|1294.0|656.0|1280.0|636.7999877929688|1289.5999755859375|643.7999877929688|1303.5999755859375;27|157;284;7;"instance:#00015e;duration:16;rel_position:-1;"
998960;1503.0|1283.0|1523.0|1300.0;1526.0|1294.0|1519.0|1280.0|1499.800048828125|1289.5999755859375|1506.800048828125|1303.5999755859375;27|157;284;7;"instance:#0000fd;duration:16;rel_position:-1;"
999184;422.0|2220.0|442.0|2237.0;445.0|2227.0|434.0|2216.0|419.0|2231.0|430.0|2242.0;27|157;284;7;"instance:#000209;duration:16;rel_position:1;"
998891;397.0|482.0|417.0|499.0;420.0|489.0|409.0|478.0|394.0|493.0|405.0|504.0;27|157;283;7;"instance:#000088;duration:16*2/3;rel_position:1;"
998893;370.0|466.0|390.0|483.0;393.0|472.0|382.0|461.0|367.0|476.0|378.0|487.0;27|157;283;7;"instance:#00008a;duration:16*2/3;rel_position:3;"
999016;1542.0|1436.0|1562.0|1453.0;1565.5|1442.5|1554.5|1431.5|1539.5|1446.5|1550.5|1457.5;27|157;283;7;"instance:#000135;duration:8;rel_position:1;"
998976;1288.0|1411.0|1308.0|1428.0;1311.0|1422.0|1304.0|1408.0|1284.800048828125|1417.5999755859375|1291.800048828125|1431.5999755859375;25|157;283;7;"instance:#00010d;duration:8;rel_position:4;"
999038;545.0|1308.0|565.0|1325.0;568.4000244140625|1318.800048828125|561.4000244140625|1304.800048828125|542.2000122070312|1314.4000244140625|549.2000122070312|1328.4000244140625;25|157;283;7;"instance:#00014b;duration:16;rel_position:-4;"
999053;366.0|1316.0|386.0|1333.0;386.0|1316.0|366.0|1316.0|366.0|1333.0|386.0|1333.0;27|157;282;7;"instance:#00015a;duration:8;rel_position:-5;"
999013;1586.0|1258.0|1606.0|1275.0;1609.0|1269.0|1602.0|1255.0|1582.800048828125|1264.5999755859375|1589.800048828125|1278.5999755859375;25|157;282;7;"instance:#000132;duration:16;rel_position:2;"
999236;611.0|2220.0|631.0|2237.0;634.0|2227.0|623.0|2216.0|608.0|2231.0|619.0|2242.0;27|157;282;7;"instance:#00023d;duration:16;rel_position:1;"
999237;611.0|2365.0|631.0|2382.0;634.0|2372.0|622.5|2360.5|608.0|2375.0|619.5|2386.5;25|157;282;7;"instance:#00023e;duration:8;rel_position:4;"
999067;821.0|1275.0|841.0|1292.0;844.2000122070312|1285.4000244140625|837.2000122070312|1271.4000244140625|818.0|1281.0|825.0|1295.0;25|157;282;7;"instance:#000168;duration:16;rel_position:0;"
998872;1708.0|280.0|1728.0|297.0;1731.0999755859375|292.29998779296875|1726.0999755859375|277.29998779296875|1705.699951171875|284.1000061035156|1710.699951171875|299.1000061035156;27|157;282;7;"instance:#000075;duration:8;rel_position:5;"
999207;253.0|2034.0|273.0|2051.0;276.0|2041.0|265.0|2030.0|250.0|2045.0|261.0|2056.0;27|157;282;7;"instance:#000220;duration:8;rel_position:3;"
998895;343.0|449.0|363.0|466.0;366.0|460.0|359.0|446.0|339.8000183105469|455.60003662109375|346.8000183105469|469.60003662109375;27|157;282;7;"instance:#00008c;duration:16*2/3;rel_position:5;"
999114;1074.0|2212.0|1094.0|2229.0;1097.5|2218.5|1086.5|2207.5|1071.5|2222.5|1082.5|2233.5;25|157;282;7;"instance:#0001c3;duration:16;rel_position:2;"
998945;940.0|313.0|960.0|330.0;963.2000122070312|323.4000244140625|956.2000122070312|309.4000244140625|937.0|319.0|944.0|333.0;27|157;282;7;"instance:#0000be;duration:8;rel_position:1;"
998965;1420.0|1308.0|1440.0|1325.0;1443.0|1315.0|1431.5|1303.5|1417.0|1318.0|1428.5|1329.5;25|157;282;7;"instance:#000102;duration:16;rel_position:-4;"
999107;1348.0|2220.0|1368.0|2237.0;1371.0|2231.0|1364.0|2217.0|1344.800048828125|2226.60009765625|1351.800048828125|2240.60009765625;27|157;282;7;"instance:#0001bc;duration:16;rel_position:1;"
999235;801.0|2220.0|821.0|2237.0;824.0|2227.0|813.0|2216.0|798.0|2231.0|809.0|2242.0;27|157;281;7;"instance:#00023c;duration:16;rel_position:1;"
999020;1724.0|1469.0|1744.0|1486.0;1747.5|1475.5|1736.5|1464.5|1721.5|1479.5|1732.5|1490.5;27|157;281;7;"instance:#000139;duration:4;rel_position:-3;"
999021;1724.0|1283.0|1744.0|1300.0;1747.5|1289.5|1736.5|1278.5|1721.5|1293.5|1732.5|1304.5;27|157;281;7;"instance:#00013a;duration:16;rel_position:-1;"
998874;1630.0|296.0|1650.0|313.0;1653.0|303.0|1642.0|292.0|1627.0|307.0|1638.0|318.0;27|157;281;7;"instance:#000077;duration:8;rel_position:3;"
999056;308.0|1308.0|328.0|1325.0;330.5|1314.5|319.5|1303.5|304.5|1318.5|315.5|1329.5;25|157;281;7;"instance:#00015d;duration:8;rel_position:-4;"
999050;462.0|1411.0|482.0|1428.0;485.5|1417.5|474.5|1406.5|459.5|1421.5|470.5|1432.5;25|157;281;7;"instance:#000157;duration:8;rel_position:4;"
998969;1176.0|1242.0|1196.0|1259.0;1199.199951171875|1252.4000244140625|1192.199951171875|1238.4000244140625|1173.0|1248.0|1180.0|1262.0;25|157;281;7;"instance:#000106;duration:8;rel_position:4;"
998984;1764.0|1291.0|1784.0|1308.0;1784.0|1291.0|1764.0|1291.0|1764.0|1308.0|1784.0|1308.0;25|157;281;7;"instance:#000115;duration:16;rel_position:-2;"
998931;1226.0|313.0|1246.0|330.0;1246.0|313.0|1226.0|313.0|1226.0|330.0|1246.0|330.0;27|157;281;7;"instance:#0000b0;duration:16;rel_position:1;"
998963;1459.0|1428.0|1479.0|1445.0;1479.0|1428.0|1459.0|1428.0|1459.0|1445.0|1479.0|1445.0;25|157;281;7;"instance:#000100;duration:8;rel_position:2;"
998922;253.0|424.0|273.0|441.0;276.0|431.0|265.0|420.0|250.0|435.0|261.0|446.0;25|157;281;7;"instance:#0000a7;duration:16*2/3;rel_position:8;"
998938;940.0|296.0|960.0|313.0;963.0|303.0|952.0|292.0|937.0|307.0|948.0|318.0;27|157;281;7;"instance:#0000b7;duration:8;rel_position:3;"
998934;1158.0|338.0|1178.0|355.0;1181.0|344.0|1170.0|333.0|1155.0|348.0|1166.0|359.0;25|157;281;7;"instance:#0000b3;duration:8;rel_position:-2;"
998933;1158.0|321.0|1178.0|338.0;1181.0|332.0|1174.0|318.0|1154.800048828125|327.60003662109375|1161.800048828125|341.60003662109375;25|157;281;7;"instance:#0000b2;duration:8;rel_position:0;"
998883;1760.0|354.0|1780.0|371.0;1783.5|360.5|1772.5|349.5|1757.5|364.5|1768.5|375.5;25|157;281;7;"instance:#000080;duration:8;rel_position:-4;"
998833;1291.0|449.0|1311.0|466.0;1313.5|455.5|1302.5|444.5|1287.5|459.5|1298.5|470.5;27|157;281;7;"instance:#00004e;duration:8;rel_position:5;"
998844;1331.0|296.0|1351.0|313.0;1354.0|303.0|1343.0|292.0|1328.0|307.0|1339.0|318.0;27|157;281;7;"instance:#000059;duration:16;rel_position:3;"
999135;1783.0|2212.0|1803.0|2229.0;1805.5|2218.5|1794.5|2207.5|1779.5|2222.5|1790.5|2233.5;25|157;281;7;"instance:#0001d8;duration:16;rel_position:2;"
998841;1380.0|507.0|1400.0|524.0;1403.5|513.5|1392.5|502.5|1377.5|517.5|1388.5|528.5;25|157;281;7;"instance:#000056;duration:8;rel_position:-2;"
999234;801.0|2365.0|821.0|2382.0;823.5|2371.5|812.5|2360.5|798.0|2375.0|809.0|2386.0;25|157;281;7;"instance:#00023b;duration:8;rel_position:4;"
998937;1106.0|329.0|1126.0|346.0;1129.0|336.0|1118.0|325.0|1103.0|340.0|1114.0|351.0;27|157;281;7;"instance:#0000b6;duration:8;rel_position:-1;"
999066;821.0|1461.0|841.0|1478.0;844.2000122070312|1471.4000244140625|837.2000122070312|1457.4000244140625|818.0|1467.0|825.0|1481.0;25|157;280;7;"instance:#000167;duration:4;rel_position:-2;"
999070;985.0|1242.0|1005.0|1259.0;1007.5|1248.5|996.5|1237.5|982.0|1252.0|993.0|1263.0;25|157;280;7;"instance:#00016b;duration:8;rel_position:4;"
998943;892.0|263.0|912.0|280.0;915.0|270.0|904.0|259.0|889.5|273.5|900.5|284.5;27|157;280;7;"instance:#0000bc;duration:8;rel_position:7;"
999100;1243.0|2229.0|1263.0|2245.0;1263.0|2229.0|1243.0|2229.0|1243.0|2245.0|1263.0|2245.0;25|157;280;7;"instance:#0001b5;duration:16;rel_position:0;"
999124;1112.0|2262.0|1132.0|2279.0;1132.0|2262.0|1112.0|2262.0|1112.0|2279.0|1132.0|2279.0;25|157;280;7;"instance:#0001cd;duration:16;rel_position:-4;"
998930;1226.0|458.0|1246.0|474.0;1246.0|458.0|1226.0|458.0|1226.0|474.0|1246.0|474.0;25|157;280;7;"instance:#0000af;duration:8;rel_position:4;"
998928;992.0|321.0|1012.0|338.0;1015.0|328.0|1003.5|316.5|989.0|331.0|1000.5|342.5;25|157;280;7;"instance:#0000ad;duration:8;rel_position:0;"
999102;1197.0|2262.0|1217.0|2279.0;1220.0|2268.0|1209.0|2257.0|1194.0|2272.0|1205.0|2283.0;25|157;280;7;"instance:#0001b7;duration:16;rel_position:-4;"
999099;1243.0|2373.0|1263.0|2390.0;1266.0|2380.0|1255.0|2369.0|1240.5|2383.5|1251.5|2394.5;27|157;280;7;"instance:#0001b4;duration:8;rel_position:3;"
999063;872.0|1283.0|892.0|1300.0;895.0|1290.0|884.0|1279.0|869.5|1293.5|880.5|1304.5;27|157;280;7;"instance:#000164;duration:16;rel_position:-1;"
999023;1685.0|1275.0|1705.0|1292.0;1707.5|1281.5|1696.5|1270.5|1682.0|1285.0|1693.0|1296.0;25|157;280;7;"instance:#00013c;duration:16;rel_position:0;"
998916;280.0|449.0|300.0|466.0;303.0|456.0|292.0|445.0|277.5|459.5|288.5|470.5;27|157;280;7;"instance:#0000a1;duration:16*2/3;rel_position:5;"
998861;1812.0|346.0|1832.0|363.0;1835.5|352.5|1824.5|341.5|1809.5|356.5|1820.5|367.5;27|157;280;7;"instance:#00006a;duration:8;rel_position:-3;"
998982;1803.0|1283.0|1823.0|1300.0;1826.0|1290.0|1814.5|1278.5|1800.0|1293.0|1811.5|1304.5;27|157;280;7;"instance:#000113;duration:8;rel_position:-1;"
998842;1380.0|305.0|1400.0|321.0;1400.0|305.0|1380.0|305.0|1380.0|321.0|1400.0|321.0;25|157;280;7;"instance:#000057;duration:16;rel_position:2;"
998902;675.0|540.0|695.0|557.0;698.0|547.0|687.0|536.0|672.5|550.5|683.5|561.5;25|157;280;7;"instance:#000093;duration:4.;rel_position:-6;"
998980;1230.0|1403.0|1250.0|1420.0;1253.0|1410.0|1241.5|1398.5|1227.0|1413.0|1238.5|1424.5;27|157;280;7;"instance:#000111;duration:8;rel_position:5;"
998973;1376.0|1333.0|1396.0|1350.0;1399.0999755859375|1345.300048828125|1394.0999755859375|1330.300048828125|1373.699951171875|1337.0999755859375|1378.699951171875|1352.0999755859375;27|157;279;7;"instance:#00010a;duration:16;rel_position:-7;"
999239;649.0|2262.0|669.0|2279.0;672.0|2268.0|661.0|2257.0|646.0|2272.0|657.0|2283.0;25|157;279;7;"instance:#000240;duration:16;rel_position:-4;"
999172;1614.0|2196.0|1634.0|2212.0;1634.0|2196.0|1614.0|2196.0|1614.0|2212.0|1634.0|2212.0;25|157;279;7;"instance:#0001fd;duration:16;rel_position:4;"
999136;1783.0|2196.0|1803.0|2212.0;1803.0|2196.0|1783.0|2196.0|1783.0|2212.0|1803.0|2212.0;25|157;279;7;"instance:#0001d9;duration:16;rel_position:4;"
998887;460.0|474.0|479.0|491.0;479.0|474.0|460.0|474.0|460.0|491.0|479.0|491.0;25|157;279;7;"instance:#000084;duration:16*2/3;rel_position:2;"
999078;742.0|1258.0|762.0|1275.0;765.0|1265.0|754.0|1254.0|739.5|1268.5|750.5|1279.5;25|157;279;7;"instance:#000173;duration:16;rel_position:2;"
999082;683.0|1250.0|703.0|1267.0;706.5|1256.5|695.5|1245.5|680.5|1260.5|691.5|1271.5;27|157;279;7;"instance:#000177;duration:16;rel_position:3;"
998914;307.0|466.0|327.0|483.0;330.1000061035156|478.29998779296875|325.1000061035156|463.29998779296875|304.70001220703125|470.1000061035156|309.70001220703125|485.1000061035156;27|157;279;7;"instance:#00009f;duration:16*2/3;rel_position:3;"
998838;1421.0|272.0|1441.0|288.0;1441.0|272.0|1421.0|272.0|1421.0|288.0|1441.0|288.0;25|157;279;7;"instance:#000053;duration:16;rel_position:6;"
998834;1291.0|346.0|1311.0|363.0;1313.5|352.5|1302.5|341.5|1287.5|356.5|1298.5|367.5;27|157;279;7;"instance:#00004f;duration:16;rel_position:-3;"
998977;1288.0|1325.0|1308.0|1341.0;1308.0|1325.0|1288.0|1325.0|1288.0|1341.0|1308.0|1341.0;25|157;279;7;"instance:#00010e;duration:8;rel_position:-6;"
998936;1106.0|313.0|1126.0|330.0;1129.0|319.0|1118.0|308.0|1103.0|323.0|1114.0|334.0;27|157;278;7;"instance:#0000b5;duration:8;rel_position:1;"
999073;912.0|1275.0|931.0|1292.0;931.0|1275.0|912.0|1275.0|912.0|1292.0|931.0|1292.0;25|157;278;7;"instance:#00016e;duration:8;rel_position:0;"
998921;253.0|710.0|273.0|726.0;273.0|710.0|253.0|710.0|253.0|726.0|273.0|726.0;25|157;278;7;"instance:#0000a6;duration:4.;rel_position:-6;"
999171;1614.0|2179.0|1634.0|2196.0;1636.5|2185.5|1625.5|2174.5|1610.5|2189.5|1621.5|2200.5;25|157;278;7;"instance:#0001fc;duration:16;rel_position:6;"
999215;970.0|2220.0|990.0|2237.0;992.6000366210938|2231.199951171875|985.6000366210938|2217.199951171875|966.7999877929688|2226.60009765625|973.7999877929688|2240.60009765625;27|157;277;7;"instance:#000228;duration:16;rel_position:1;"
998882;1760.0|338.0|1780.0|355.0;1782.7169189453125|350.5094299316406|1778.3773193359375|335.32073974609375|1757.7735595703125|341.2075500488281|1762.1131591796875|356.396240234375;25|157;277;7;"instance:#00007f;duration:8;rel_position:-2;"
998889;432.0|458.0|452.0|474.0;452.0|458.0|432.0|458.0|432.0|474.0|452.0|474.0;25|157;277;7;"instance:#000086;duration:16*2/3;rel_position:4;"
999037;545.0|1420.0|565.0|1436.0;565.0|1420.0|545.0|1420.0|545.0|1436.0|565.0|1436.0;27|157;277;7;"instance:#00014a;duration:8;rel_position:3;"
998878;1544.0|296.0|1564.0|313.0;1567.5|302.5|1556.5|291.5|1541.5|306.5|1552.5|317.5;27|157;277;7;"instance:#00007b;duration:16;rel_position:3;"
999229;696.0|2373.0|715.0|2390.0;715.0|2373.0|696.0|2373.0|696.0|2390.0|715.0|2390.0;27|157;277;7;"instance:#000236;duration:8;rel_position:3;"
999060;254.0|1234.0|274.0|1250.0;274.0|1234.0|254.0|1234.0|254.0|1250.0|274.0|1250.0;27|157;277;7;"instance:#000161;duration:8;rel_position:5;"
999208;253.0|2220.0|273.0|2237.0;275.6000061035156|2231.199951171875|268.6000061035156|2217.199951171875|249.80001831054688|2226.60009765625|256.8000183105469|2240.60009765625;27|157;276;7;"instance:#000221;duration:16;rel_position:1;"
998876;1594.0|305.0|1613.0|321.0;1613.0|305.0|1594.0|305.0|1594.0|321.0|1613.0|321.0;25|157;276;7;"instance:#000079;duration:16;rel_position:2;"
998836;1258.0|329.0|1278.0|346.0;1281.0|336.0|1270.0|325.0|1255.5|339.5|1266.5|350.5;27|157;276;7;"instance:#000051;duration:16;rel_position:-1;"
998879;1812.0|363.0|1832.0|379.0;1832.0|363.0|1812.0|363.0|1812.0|379.0|1832.0|379.0;27|157;276;7;"instance:#00007c;duration:8;rel_position:-5;"
999031;589.0|1275.0|609.0|1292.0;611.5|1281.5|600.5|1270.5|586.0|1285.0|597.0|1296.0;25|157;276;7;"instance:#000144;duration:16;rel_position:0;"
999030;640.0|1428.0|660.0|1445.0;663.2000122070312|1438.4000244140625|656.2000122070312|1424.4000244140625|637.4000244140625|1433.800048828125|644.4000244140625|1447.800048828125;25|157;276;7;"instance:#000143;duration:8;rel_position:2;"
999017;1542.0|1291.0|1562.0|1308.0;1565.4000244140625|1301.800048828125|1558.5999755859375|1288.199951171875|1539.4000244140625|1297.800048828125|1546.199951171875|1311.4000244140625;25|157;276;7;"instance:#000136;duration:16;rel_position:-2;"
999051;462.0|1325.0|482.0|1341.0;482.0|1325.0|462.0|1325.0|462.0|1341.0|482.0|1341.0;25|157;276;7;"instance:#000158;duration:16;rel_position:-6;"
998972;1376.0|1420.0|1396.0|1436.0;1396.0|1420.0|1376.0|1420.0|1376.0|1436.0|1396.0|1436.0;27|157;276;7;"instance:#000109;duration:8;rel_position:3;"
998927;992.0|305.0|1012.0|321.0;1012.0|305.0|992.0|305.0|992.0|321.0|1012.0|321.0;25|157;276;7;"instance:#0000ac;duration:8;rel_position:2;"
999054;366.0|1333.0|386.0|1350.0;388.5|1339.5|377.5|1328.5|363.0|1343.0|374.0|1354.0;27|157;276;7;"instance:#00015b;duration:8;rel_position:-7;"
999126;1825.0|2212.0|1845.0|2229.0;1848.4000244140625|2222.800048828125|1841.4000244140625|2208.800048828125|1822.5999755859375|2218.199951171875|1829.5999755859375|2232.199951171875;25|157;276;7;"instance:#0001cf;duration:16;rel_position:2;"
998904;509.0|491.0|529.0|507.0;529.0|491.0|509.0|491.0|509.0|507.0|529.0|507.0;25|157;276;7;"instance:#000095;duration:16*2/3;rel_position:0;"
999119;1159.0|2220.0|1179.0|2237.0;1181.137939453125|2232.3447265625|1175.27587890625|2217.689697265625|1155.6207275390625|2225.5517578125|1161.4827880859375|2240.206787109375;27|157;276;7;"instance:#0001c8;duration:16;rel_position:1;"
998924;1058.0|263.0|1078.0|280.0;1081.0|270.0|1070.0|259.0|1055.5|273.5|1066.5|284.5;27|157;276;7;"instance:#0000a9;duration:8;rel_position:7;"
999110;1074.0|2001.0|1094.0|2018.0;1097.0|2008.0|1086.0|1997.0|1071.5|2011.5|1082.5|2022.5;27|157;275;7;"instance:#0001bf;duration:8;rel_position:7;"
998824;1472.0|280.0|1491.0|297.0;1491.0|280.0|1472.0|280.0|1472.0|297.0|1491.0|297.0;27|157;275;7;"instance:#000045;duration:16;rel_position:5;"
998966;1230.0|1316.0|1250.0|1333.0;1252.137939453125|1328.3448486328125|1246.27587890625|1313.689697265625|1226.965576171875|1321.413818359375|1232.82763671875|1336.0689697265625;27|157;275;7;"instance:#000103;duration:8;rel_position:-5;"
999112;1008.0|2262.0|1028.0|2279.0;1031.0|2268.0|1020.0|2257.0|1005.0|2272.0|1016.0|2283.0;25|157;275;7;"instance:#0001c1;duration:16;rel_position:-4;"
998825;1508.0|288.0|1528.0|305.0;1531.199951171875|298.4000244140625|1524.4000244140625|284.8000183105469|1505.5999755859375|294.20001220703125|1512.4000244140625|307.8000183105469;25|157;275;7;"instance:#000046;duration:16;rel_position:4;"
999200;291.0|2262.0|311.0|2279.0;313.8000183105469|2272.60009765625|306.8000183105469|2258.60009765625|288.0|2268.0|295.0|2282.0;25|157;275;7;"instance:#000219;duration:16;rel_position:-4;"
999161;1555.0|2220.0|1575.0|2237.0;1578.0|2231.0|1571.0|2217.0|1552.199951171875|2226.39990234375|1559.199951171875|2240.39990234375;27|157;275;7;"instance:#0001f2;duration:16;rel_position:1;"
999163;1386.0|2237.0|1406.0|2254.0;1409.034423828125|2248.586181640625|1403.17236328125|2233.93115234375|1383.862060546875|2241.6552734375|1389.72412109375|2256.310302734375;27|157;275;7;"instance:#0001f4;duration:16;rel_position:-1;"
999131;1698.0|2187.0|1718.0|2204.0;1721.0|2194.0|1710.0|2183.0|1695.5|2197.5|1706.5|2208.5;27|157;275;7;"instance:#0001d4;duration:16;rel_position:5;"
999077;742.0|1403.0|762.0|1420.0;765.2000122070312|1413.4000244140625|758.4000244140625|1399.800048828125|739.5999755859375|1409.199951171875|746.4000244140625|1422.800048828125;27|157;275;7;"instance:#000172;duration:8;rel_position:5;"
999241;734.0|2262.0|753.0|2279.0;753.0|2262.0|734.0|2262.0|734.0|2279.0|753.0|2279.0;25|157;275;7;"instance:#000242;duration:16;rel_position:-4;"
999160;1471.0|2229.0|1490.0|2245.0;1490.0|2229.0|1471.0|2229.0|1471.0|2245.0|1490.0|2245.0;25|157;275;7;"instance:#0001f1;duration:16;rel_position:0;"
999210;839.0|2262.0|859.0|2279.0;861.800048828125|2272.60009765625|854.800048828125|2258.60009765625|836.0|2268.0|843.0|2282.0;25|157;274;7;"instance:#000223;duration:16;rel_position:-4;"
999173;460.0|2262.0|480.0|2279.0;482.8000183105469|2272.60009765625|475.8000183105469|2258.60009765625|457.0|2268.0|464.0|2282.0;25|157;274;7;"instance:#0001fe;duration:16;rel_position:-4;"
999026;506.0|1300.0|526.0|1317.0;529.0|1306.0|518.0|1295.0|503.0|1310.0|514.0|1321.0;27|157;274;7;"instance:#00013f;duration:16;rel_position:-3;"
999222;885.0|2212.0|905.0|2229.0;907.0|2225.0|902.0|2210.0|882.7999877929688|2216.39990234375|887.7999877929688|2231.39990234375;25|157;273;7;"instance:#00022f;duration:16;rel_position:2;"
999187;583.0|2177.0|585.0|2267.0;585.0|2267.0|585.0|2177.0|583.0|2177.0|583.0|2267.0;42|161;273;7;"instance:#00020c;"
999106;1348.0|2365.0|1368.0|2382.0;1370.5|2371.5|1359.5|2360.5|1345.0|2375.0|1356.0|2386.0;25|157;273;7;"instance:#0001bb;duration:4.;rel_position:4;"
999158;1517.0|2204.0|1537.0|2221.0;1539.5|2210.5|1528.5|2199.5|1514.0|2214.0|1525.0|2225.0;27|157;273;7;"instance:#0001ef;duration:16;rel_position:3;"
999120;1159.0|2365.0|1179.0|2382.0;1181.5|2371.5|1170.5|2360.5|1156.0|2375.0|1167.0|2386.0;25|157;273;7;"instance:#0001c9;duration:8;rel_position:4;"
998958;1459.0|1316.0|1479.0|1333.0;1482.0|1323.0|1471.0|1312.0|1456.5|1326.5|1467.5|1337.5;27|157;273;7;"instance:#0000fb;duration:16;rel_position:-5;"
999098;1281.0|2262.0|1301.0|2279.0;1303.800048828125|2272.60009765625|1296.800048828125|2258.60009765625|1278.0|2268.0|1285.0|2282.0;25|157;272;7;"instance:#0001b3;duration:16;rel_position:-4;"
999221;885.0|2018.0|905.0|2035.0;908.6000366210938|2028.2000732421875|901.7999877929688|2014.5999755859375|883.0|2024.0|889.7999877929688|2037.5999755859375;27|157;271;7;"instance:#00022e;duration:8;rel_position:5;"
998823;1472.0|540.0|1491.0|557.0;1491.0|540.0|1472.0|540.0|1472.0|557.0|1491.0|557.0;25|157;271;7;"instance:#000044;duration:4.;rel_position:-6;"
999010;1645.0|1411.0|1665.0|1428.0;1668.4000244140625|1421.800048828125|1661.4000244140625|1407.800048828125|1642.5999755859375|1417.199951171875|1649.5999755859375|1431.199951171875;25|157;271;7;"instance:#00012f;duration:8;rel_position:4;"
999203;338.0|2212.0|357.0|2229.0;359.0|2225.0|354.0|2210.0|334.79998779296875|2216.39990234375|339.79998779296875|2231.39990234375;25|157;271;7;"instance:#00021c;duration:16;rel_position:2;"
999218;970.0|2010.0|990.0|2026.0;990.0|2010.0|970.0|2010.0|970.0|2026.0|990.0|2026.0;25|157;271;7;"instance:#00022b;duration:8;rel_position:6;"
999183;422.0|2010.0|442.0|2026.0;442.0|2010.0|422.0|2010.0|422.0|2026.0|442.0|2026.0;25|157;271;7;"instance:#000208;duration:8;rel_position:6;"
999177;527.0|2212.0|546.0|2229.0;548.0|2225.0|543.0|2210.0|523.7999877929688|2216.39990234375|528.7999877929688|2231.39990234375;25|157;271;7;"instance:#000202;duration:16;rel_position:2;"
999165;1432.0|2212.0|1452.0|2229.0;1455.4000244140625|2222.800048828125|1448.4000244140625|2208.800048828125|1430.0|2218.0|1437.0|2232.0;25|157;271;7;"instance:#0001f6;duration:16;rel_position:2;"
999176;527.0|2001.0|546.0|2018.0;549.3103637695312|2013.27587890625|543.4483032226562|1998.6207275390625|524.6551513671875|2006.137939453125|530.5172729492188|2020.7930908203125;27|157;270;7;"instance:#000201;duration:8;rel_position:7;"
999202;338.0|2018.0|358.0|2035.0;360.5|2024.5|349.5|2013.5|335.0|2028.0|346.0|2039.0;27|157;270;7;"instance:#00021b;duration:8;rel_position:5;"
999168;1656.0|2196.0|1676.0|2212.0;1679.0|2206.0|1672.199951171875|2192.39990234375|1653.4000244140625|2201.800048828125|1660.199951171875|2215.39990234375;25|157;270;7;"instance:#0001f9;duration:16;rel_position:4;"
999009;1645.0|1267.0|1665.0|1283.0;1665.0|1267.0|1645.0|1267.0|1645.0|1283.0|1665.0|1283.0;27|157;270;7;"instance:#00012e;duration:16;rel_position:1;"
999049;308.0|1325.0|328.0|1341.0;328.0|1325.0|308.0|1325.0|308.0|1341.0|328.0|1341.0;25|157;270;7;"instance:#000156;duration:8;rel_position:-6;"
999130;1700.0|2204.0|1718.0|2221.0;1718.0|2204.0|1700.0|2204.0|1700.0|2221.0|1718.0|2221.0;27|157;269;7;"instance:#0001d3;duration:16;rel_position:3;"
999216;924.0|2262.0|943.0|2278.0;943.0|2262.0|924.0|2262.0|924.0|2278.0|943.0|2278.0;25|157;269;7;"instance:#000229;duration:16;rel_position:-4;"
999227;696.0|2229.0|715.0|2245.0;715.0|2229.0|696.0|2229.0|696.0|2245.0|715.0|2245.0;25|157;269;7;"instance:#000234;duration:16;rel_position:0;"
999079;1097.0|1325.0|1116.0|1341.0;1116.0|1325.0|1097.0|1325.0|1097.0|1341.0|1116.0|1341.0;25|157;269;7;"instance:#000174;duration:8;rel_position:-6;"
999068;782.0|1267.0|802.0|1283.0;802.0|1267.0|782.0|1267.0|782.0|1283.0|802.0|1283.0;27|157;268;7;"instance:#000169;duration:16;rel_position:1;"
999075;1039.0|1316.0|1058.0|1333.0;1061.0|1327.0|1054.199951171875|1313.4000244140625|1035.4000244140625|1322.800048828125|1042.199951171875|1336.4000244140625;27|157;267;7;"instance:#000170;duration:8;rel_position:-5;"
999181;376.0|2262.0|396.0|2279.0;398.5|2268.5|387.5|2257.5|373.0|2272.0|384.0|2283.0;25|157;267;7;"instance:#000206;duration:16;rel_position:-4;"
999167;1658.0|2212.0|1676.0|2229.0;1676.0|2212.0|1658.0|2212.0|1658.0|2229.0|1676.0|2229.0;25|157;267;7;"instance:#0001f8;duration:16;rel_position:2;"
999186;565.0|2262.0|585.0|2279.0;587.5|2268.5|576.5|2257.5|562.0|2272.0|573.0|2283.0;25|157;267;7;"instance:#00020b;duration:16;rel_position:-4;"
998896;675.0|482.0|693.0|499.0;693.0|482.0|675.0|482.0|675.0|499.0|693.0|499.0;27|157;266;7;"instance:#00008d;duration:4.;rel_position:1;"
998871;1708.0|292.0|1710.0|382.0;1710.0|382.0|1710.0|292.0|1708.0|292.0|1708.0|382.0;42|161;266;7;"instance:#000074;"
999129;1741.0|2204.0|1760.0|2221.0;1763.310302734375|2215.27587890625|1757.586181640625|2200.965576171875|1738.7930908203125|2208.482666015625|1744.5172119140625|2222.793212890625;27|157;265;7;"instance:#0001d2;duration:16;rel_position:3;"
999182;394.0|2180.0|396.0|2267.0;396.0|2267.0|396.0|2180.0|394.0|2180.0|394.0|2267.0;42|161;264;7;"instance:#000207;"
999074;1096.0|1308.0|1114.0|1325.0;1114.0|1308.0|1096.0|1308.0|1096.0|1325.0|1114.0|1325.0;25|157;263;7;"instance:#00016f;duration:8;rel_position:-4;"
999125;1827.0|2229.0|1845.0|2245.0;1845.0|2229.0|1827.0|2229.0|1827.0|2245.0|1845.0|2245.0;25|157;263;7;"instance:#0001ce;duration:16;rel_position:0;"
999083;1039.0|1300.0|1056.0|1317.0;1056.0|1300.0|1039.0|1300.0|1039.0|1317.0|1056.0|1317.0;27|157;260;7;"instance:#000178;duration:8;rel_position:-3;"
998822;1472.0|482.0|1489.0|499.0;1489.0|482.0|1472.0|482.0|1472.0|499.0|1489.0|499.0;27|157;260;7;"instance:#000043;duration:4.;rel_position:1;"
999133;1743.0|2220.0|1760.0|2237.0;1760.0|2220.0|1743.0|2220.0|1743.0|2237.0|1760.0|2237.0;27|157;259;7;"instance:#0001d6;duration:16;rel_position:1;"
998888;432.0|469.0|434.0|549.0;434.0|549.0|434.0|469.0|432.0|469.0|432.0|549.0;42|161;236;7;"instance:#000085;"
999240;752.0|2188.0|754.0|2267.0;754.0|2267.0|754.0|2188.0|752.0|2188.0|752.0|2267.0;42|161;233;7;"instance:#000241;"
999033;528.0|1406.0|539.0|1449.0;539.0|1449.0|539.0|1406.0|528.0|1406.0|528.0|1449.0;62|172;233;7;"instance:#000146;"
998957;1359.0|1407.0|1370.0|1449.0;1370.0|1449.0|1370.0|1407.0|1359.0|1407.0|1359.0|1449.0;62|172;232;7;"instance:#0000fa;"
998880;1743.0|325.0|1754.0|368.0;1754.0|368.0|1754.0|325.0|1743.0|325.0|1743.0|368.0;62|172;232;7;"instance:#00007d;"
998885;1691.0|267.0|1702.0|310.0;1702.0|310.0|1702.0|267.0|1691.0|267.0|1691.0|310.0;62|172;232;7;"instance:#000082;"
998942;784.0|477.0|794.0|521.0;794.0|521.0|794.0|477.0|784.0|477.0|784.0|521.0;69|172;223;7;"instance:#0000bb;"
999058;237.0|1220.0|247.0|1263.0;247.0|1263.0|247.0|1220.0|237.0|1220.0|237.0|1263.0;62|172;222;7;"instance:#00015f;"
998944;784.0|292.0|794.0|335.0;794.0|335.0|794.0|292.0|784.0|292.0|784.0|335.0;69|172;222;7;"instance:#0000bd;"
998940;784.0|647.0|794.0|690.0;794.0|690.0|794.0|647.0|784.0|647.0|784.0|690.0;69|172;221;7;"instance:#0000b9;"
998941;784.0|122.0|794.0|165.0;794.0|165.0|794.0|122.0|784.0|122.0|784.0|165.0;69|172;220;7;"instance:#0000ba;"
998829;1490.0|439.0|1491.0|546.0;1491.0|439.0|1490.0|439.0|1490.0|546.0|1491.0|546.0;42|161;216;7;"instance:#00004a;"
998898;694.0|439.0|695.0|543.0;695.0|543.0|695.0|439.0|694.0|439.0|694.0|543.0;42|161;209;7;"instance:#00008f;"
998837;1421.0|286.0|1422.0|392.0;1422.0|392.0|1422.0|286.0|1421.0|286.0|1421.0|392.0;42|161;203;7;"instance:#000052;"
999117;1075.0|2018.0|1093.0|2066.0;1099.978515625|2022.2276611328125|1087.11083984375|2017.6861572265625|1070.606201171875|2064.44921875|1083.473876953125|2068.99072265625;54|167;202;7;"instance:#0001c6;"
999055;327.0|1225.0|328.0|1330.0;328.0|1330.0|328.0|1225.0|327.0|1225.0|327.0|1330.0;42|161;201;7;"instance:#00015c;"
999197;1720.0|2390.0|1741.0|2398.0;1741.0|2398.0|1741.0|2390.0|1720.0|2390.0|1720.0|2398.0;85|183;198;7;"instance:#000216;"
998866;1115.0|652.0|1136.0|660.0;1136.0|660.0|1136.0|652.0|1115.0|652.0|1115.0|660.0;85|183;198;7;"instance:#00006f;"
998848;1556.0|652.0|1577.0|660.0;1577.0|660.0|1577.0|652.0|1556.0|652.0|1556.0|660.0;85|183;198;7;"instance:#00005d;"
998850;1321.0|652.0|1342.0|660.0;1342.0|660.0|1342.0|652.0|1321.0|652.0|1321.0|660.0;85|183;198;7;"instance:#00005f;"
998862;935.0|652.0|956.0|660.0;956.0|660.0|956.0|652.0|935.0|652.0|935.0|660.0;85|183;198;7;"instance:#00006b;"
999194;348.0|2390.0|369.0|2398.0;369.0|2398.0|369.0|2390.0|348.0|2390.0|348.0|2398.0;85|183;198;7;"instance:#000213;"
999214;802.0|2382.0|820.0|2430.0;826.403076171875|2386.024658203125|814.1107788085938|2381.686279296875|797.6061401367188|2428.44921875|809.8984985351562|2432.78759765625;54|167;197;7;"instance:#000227;"
999180;528.0|2018.0|546.0|2066.0;551.7000122070312|2021.9000244140625|539.4000244140625|2017.800048828125|523.7999877929688|2064.60009765625|536.0999755859375|2068.699951171875;54|167;194;7;"instance:#000205;"
999086;1057.0|1228.0|1058.0|1322.0;1058.0|1228.0|1057.0|1228.0|1057.0|1322.0|1058.0|1322.0;42|161;190;7;"instance:#00017b;"
998858;678.0|652.0|698.0|660.0;698.0|660.0|698.0|652.0|678.0|652.0|678.0|660.0;85|183;189;7;"instance:#000067;"
998909;1762.0|652.0|1782.0|660.0;1782.0|660.0|1782.0|652.0|1762.0|652.0|1762.0|660.0;85|183;189;7;"instance:#00009a;"
998920;253.0|438.0|254.0|532.0;254.0|532.0|254.0|438.0|253.0|438.0|253.0|532.0;42|161;188;7;"instance:#0000a5;"
999084;744.0|1420.0|761.0|1467.0;767.2623291015625|1423.6436767578125|755.0947265625|1419.7071533203125|740.192626953125|1465.7681884765625|752.3602294921875|1469.704833984375;54|167;184;7;"instance:#000179;"
999166;1432.0|2223.0|1434.0|2283.0;1434.0|2283.0|1434.0|2223.0|1432.0|2223.0|1432.0|2283.0;42|161;183;7;"instance:#0001f7;"
998979;1249.0|1233.0|1250.0|1322.0;1250.0|1322.0|1250.0|1233.0|1249.0|1233.0|1249.0|1322.0;42|161;180;7;"instance:#000110;"
998852;935.0|483.0|956.0|490.0;956.0|490.0|956.0|483.0|935.0|483.0|935.0|490.0;85|183;176;7;"instance:#000061;"
998925;1058.0|275.0|1059.0|362.0;1059.0|362.0|1059.0|275.0|1058.0|275.0|1058.0|362.0;42|161;176;7;"instance:#0000aa;"
998911;364.0|314.0|385.0|321.0;385.0|321.0|385.0|314.0|364.0|314.0|364.0|321.0;85|183;176;7;"instance:#00009c;"
999139;1452.0|2052.0|1473.0|2059.0;1473.0|2059.0|1473.0|2052.0|1452.0|2052.0|1452.0|2059.0;85|183;176;7;"instance:#0001dc;"
999141;1182.0|2560.0|1203.0|2567.0;1203.0|2567.0|1203.0|2560.0|1182.0|2560.0|1182.0|2567.0;85|183;176;7;"instance:#0001de;"
998912;364.0|144.0|385.0|151.0;385.0|151.0|385.0|144.0|364.0|144.0|364.0|151.0;85|183;176;7;"instance:#00009d;"
999145;1452.0|2560.0|1473.0|2567.0;1473.0|2567.0|1473.0|2560.0|1452.0|2560.0|1452.0|2567.0;85|183;176;7;"instance:#0001e2;"
999150;634.0|2560.0|655.0|2567.0;655.0|2567.0|655.0|2560.0|634.0|2560.0|634.0|2567.0;85|183;176;7;"instance:#0001e7;"
999146;908.0|2560.0|929.0|2567.0;929.0|2567.0|929.0|2560.0|908.0|2560.0|908.0|2567.0;85|183;176;7;"instance:#0001e3;"
999047;309.0|1098.0|330.0|1105.0;330.0|1105.0|330.0|1098.0|309.0|1098.0|309.0|1105.0;85|183;176;7;"instance:#000154;"
999046;309.0|1437.0|330.0|1444.0;330.0|1444.0|330.0|1437.0|309.0|1437.0|309.0|1444.0;85|183;176;7;"instance:#000153;"
999196;1720.0|2052.0|1741.0|2059.0;1741.0|2059.0|1741.0|2052.0|1720.0|2052.0|1720.0|2059.0;85|183;176;7;"instance:#000215;"
999198;1720.0|2560.0|1741.0|2567.0;1741.0|2567.0|1741.0|2560.0|1720.0|2560.0|1720.0|2567.0;85|183;176;7;"instance:#000217;"
999201;310.0|2180.0|311.0|2267.0;311.0|2267.0|311.0|2180.0|310.0|2180.0|310.0|2267.0;42|161;176;7;"instance:#00021a;"
999211;858.0|2180.0|859.0|2267.0;859.0|2267.0|859.0|2180.0|858.0|2180.0|858.0|2267.0;42|161;176;7;"instance:#000224;"
998859;935.0|144.0|956.0|151.0;956.0|151.0|956.0|144.0|935.0|144.0|935.0|151.0;85|183;176;7;"instance:#000068;"
999174;479.0|2180.0|480.0|2267.0;480.0|2267.0|480.0|2180.0|479.0|2180.0|479.0|2267.0;42|161;176;7;"instance:#0001ff;"
998863;1115.0|144.0|1136.0|151.0;1136.0|151.0|1136.0|144.0|1115.0|144.0|1115.0|151.0;85|183;176;7;"instance:#00006c;"
998845;1556.0|144.0|1577.0|151.0;1577.0|151.0|1577.0|144.0|1556.0|144.0|1556.0|151.0;85|183;176;7;"instance:#00005a;"
998865;1115.0|483.0|1136.0|490.0;1136.0|490.0|1136.0|483.0|1115.0|483.0|1115.0|490.0;85|183;176;7;"instance:#00006e;"
999195;348.0|2560.0|369.0|2567.0;369.0|2567.0|369.0|2560.0|348.0|2560.0|348.0|2567.0;85|183;176;7;"instance:#000214;"
999217;942.0|2180.0|943.0|2267.0;943.0|2267.0|943.0|2180.0|942.0|2180.0|942.0|2267.0;42|161;176;7;"instance:#00022a;"
998867;1321.0|144.0|1342.0|151.0;1342.0|151.0|1342.0|144.0|1321.0|144.0|1321.0|151.0;85|183;176;7;"instance:#000070;"
999006;1477.0|1606.0|1498.0|1613.0;1498.0|1613.0|1498.0|1606.0|1477.0|1606.0|1477.0|1613.0;85|183;176;7;"instance:#00012b;"
999002;1477.0|1098.0|1498.0|1105.0;1498.0|1105.0|1498.0|1098.0|1477.0|1098.0|1477.0|1105.0;85|183;176;7;"instance:#000127;"
999045;309.0|1606.0|330.0|1613.0;330.0|1613.0|330.0|1606.0|309.0|1606.0|309.0|1613.0;85|183;176;7;"instance:#000152;"
999024;1648.0|1428.0|1664.0|1474.0;1670.0987548828125|1431.2642822265625|1658.07958984375|1427.729248046875|1644.7515869140625|1473.0445556640625|1656.770751953125|1476.57958984375;54|167;176;7;"instance:#00013d;"
998993;836.0|1606.0|857.0|1613.0;857.0|1613.0|857.0|1606.0|836.0|1606.0|836.0|1613.0;85|183;176;7;"instance:#00011e;"
999044;1736.0|1098.0|1757.0|1105.0;1757.0|1105.0|1757.0|1098.0|1736.0|1098.0|1736.0|1105.0;85|183;176;7;"instance:#000151;"
998990;836.0|1098.0|857.0|1105.0;857.0|1105.0|857.0|1098.0|836.0|1098.0|836.0|1105.0;85|183;176;7;"instance:#00011b;"
998989;566.0|1606.0|587.0|1613.0;587.0|1613.0|587.0|1606.0|566.0|1606.0|566.0|1613.0;85|183;176;7;"instance:#00011a;"
998985;566.0|1098.0|587.0|1105.0;587.0|1105.0|587.0|1098.0|566.0|1098.0|566.0|1105.0;85|183;176;7;"instance:#000116;"
998998;1243.0|1098.0|1264.0|1105.0;1264.0|1105.0|1264.0|1098.0|1243.0|1098.0|1243.0|1105.0;85|183;176;7;"instance:#000123;"
999000;1243.0|1606.0|1264.0|1613.0;1264.0|1613.0|1264.0|1606.0|1243.0|1606.0|1243.0|1613.0;85|183;176;7;"instance:#000125;"
999041;1736.0|1606.0|1757.0|1613.0;1757.0|1613.0|1757.0|1606.0|1736.0|1606.0|1736.0|1613.0;85|183;176;7;"instance:#00014e;"
998901;307.0|478.0|309.0|537.0;309.0|478.0|307.0|478.0|307.0|537.0|309.0|537.0;42|161;173;7;"instance:#000092;"
998939;892.0|276.0|893.0|362.0;893.0|362.0|893.0|276.0|892.0|276.0|892.0|362.0;42|161;172;7;"instance:#0000b8;"
999052;385.0|1247.0|386.0|1337.0;386.0|1337.0|386.0|1247.0|385.0|1247.0|385.0|1337.0;42|161;169;7;"instance:#000159;"
998997;1054.0|1606.0|1074.0|1613.0;1074.0|1613.0|1074.0|1606.0|1054.0|1606.0|1054.0|1613.0;85|183;168;7;"instance:#000122;"
998857;678.0|314.0|698.0|321.0;698.0|321.0|698.0|314.0|678.0|314.0|678.0|321.0;85|183;168;7;"instance:#000066;"
998856;678.0|144.0|698.0|151.0;698.0|151.0|698.0|144.0|678.0|144.0|678.0|151.0;85|183;168;7;"instance:#000065;"
998996;1054.0|1437.0|1074.0|1444.0;1074.0|1444.0|1074.0|1437.0|1054.0|1437.0|1054.0|1444.0;85|183;168;7;"instance:#000121;"
999080;1115.0|1247.0|1116.0|1330.0;1116.0|1247.0|1115.0|1247.0|1115.0|1330.0|1116.0|1330.0;42|161;168;7;"instance:#000175;"
998994;1054.0|1098.0|1074.0|1105.0;1074.0|1105.0|1074.0|1098.0|1054.0|1098.0|1054.0|1105.0;85|183;168;7;"instance:#00011f;"
998910;1762.0|144.0|1782.0|151.0;1782.0|151.0|1782.0|144.0|1762.0|144.0|1762.0|151.0;85|183;168;7;"instance:#00009b;"
998905;1762.0|483.0|1782.0|490.0;1782.0|490.0|1782.0|483.0|1762.0|483.0|1762.0|490.0;85|183;168;7;"instance:#000096;"
999113;1027.0|2180.0|1028.0|2267.0;1028.0|2267.0|1028.0|2180.0|1027.0|2180.0|1027.0|2267.0;42|161;167;7;"instance:#0001c2;"
999232;668.0|2182.0|669.0|2265.0;669.0|2182.0|668.0|2182.0|668.0|2265.0|669.0|2265.0;42|161;166;7;"instance:#000239;"
999025;1645.0|1423.0|1647.0|1477.0;1647.0|1477.0|1647.0|1423.0|1645.0|1423.0|1645.0|1477.0;42|161;165;7;"instance:#00013e;"
998956;1376.0|1432.0|1378.0|1489.0;1378.0|1489.0|1378.0|1432.0|1376.0|1432.0|1376.0|1489.0;42|161;160;7;"instance:#0000f9;"
998983;1782.0|1238.0|1784.0|1296.0;1784.0|1296.0|1784.0|1238.0|1782.0|1238.0|1782.0|1296.0;42|161;158;7;"instance:#000114;"
998877;1544.0|308.0|1546.0|362.0;1546.0|362.0|1546.0|308.0|1544.0|308.0|1544.0|362.0;42|161;158;7;"instance:#00007a;"
998831;1291.0|464.0|1292.0|541.0;1292.0|541.0|1292.0|464.0|1291.0|464.0|1291.0|541.0;42|161;155;7;"instance:#00004c;"
999123;1131.0|2180.0|1132.0|2264.0;1132.0|2264.0|1132.0|2180.0|1131.0|2180.0|1131.0|2264.0;42|161;155;7;"instance:#0001cc;"
998971;1395.0|1254.0|1396.0|1335.0;1396.0|1335.0|1396.0|1254.0|1395.0|1254.0|1395.0|1335.0;42|161;154;7;"instance:#000108;"
998894;343.0|463.0|344.0|540.0;344.0|540.0|344.0|463.0|343.0|463.0|343.0|540.0;42|161;154;7;"instance:#00008b;"
998975;1307.0|1250.0|1308.0|1328.0;1308.0|1328.0|1308.0|1250.0|1307.0|1250.0|1307.0|1328.0;42|161;152;7;"instance:#00010c;"
998968;1176.0|1439.0|1192.0|1465.0;1192.5504150390625|1441.1651611328125|1177.5963134765625|1436.678955078125|1170.330322265625|1460.8990478515625|1185.284423828125|1465.3853759765625;88|186;151;7;"instance:#000105;"
999178;527.0|2392.0|543.0|2419.0;543.1926879882812|2394.35791015625|528.5137939453125|2389.9541015625|521.0550537109375|2414.81640625|535.7339477539062|2419.22021484375;88|186;151;7;"instance:#000203;"
999238;801.0|2054.0|817.0|2080.0;817.4528198242188|2055.4150390625|802.660400390625|2051.188720703125|795.5283203125|2076.15087890625|810.3207397460938|2080.37744140625;88|186;150;7;"instance:#00023f;"
999115;1074.0|2392.0|1090.0|2419.0;1090.79248046875|2394.226318359375|1076.0|2390.0|1068.79248046875|2415.226318359375|1083.5849609375|2419.452880859375;88|186;149;7;"instance:#0001c4;"
998962;1478.0|1243.0|1479.0|1322.0;1479.0|1322.0|1479.0|1243.0|1478.0|1243.0|1478.0|1322.0;42|161;148;7;"instance:#0000ff;"
999029;481.0|1254.0|482.0|1327.0;482.0|1327.0|482.0|1254.0|481.0|1254.0|481.0|1327.0;42|161;147;7;"instance:#000142;"
999101;1216.0|2186.0|1217.0|2265.0;1217.0|2265.0|1217.0|2186.0|1216.0|2186.0|1216.0|2265.0;42|161;146;7;"instance:#0001b6;"
998854;365.0|554.0|379.0|575.0;379.0|554.0|365.0|554.0|365.0|575.0|379.0|575.0;113;145;7;"instance:#000063;"
998843;1331.0|309.0|1332.0|389.0;1332.0|389.0|1332.0|309.0|1331.0|309.0|1331.0|389.0;42|161;145;7;"instance:#000058;"
998853;275.0|546.0|289.0|567.0;289.0|546.0|275.0|546.0|275.0|567.0|289.0|567.0;113;145;7;"instance:#000062;"
998855;466.0|564.0|480.0|585.0;480.0|564.0|466.0|564.0|466.0|585.0|480.0|585.0;113;145;7;"instance:#000064;"
998915;280.0|462.0|281.0|534.0;281.0|534.0|281.0|462.0|280.0|462.0|280.0|534.0;42|161;144;7;"instance:#0000a0;"
999036;564.0|1240.0|565.0|1311.0;565.0|1311.0|565.0|1240.0|564.0|1240.0|564.0|1311.0;42|161;142;7;"instance:#000149;"
999028;462.0|1424.0|464.0|1472.0;464.0|1472.0|464.0|1424.0|462.0|1424.0|462.0|1472.0;42|161;142;7;"instance:#000141;"
999105;1300.0|2191.0|1301.0|2267.0;1301.0|2267.0|1301.0|2191.0|1300.0|2191.0|1300.0|2267.0;42|161;140;7;"instance:#0001ba;"
999076;742.0|1271.0|743.0|1341.0;743.0|1341.0|743.0|1271.0|742.0|1271.0|742.0|1341.0;42|161;140;7;"instance:#000171;"
999015;1561.0|1225.0|1562.0|1294.0;1562.0|1294.0|1562.0|1225.0|1561.0|1225.0|1561.0|1294.0;42|161;139;7;"instance:#000134;"
999170;1614.0|2193.0|1615.0|2270.0;1615.0|2270.0|1615.0|2193.0|1614.0|2193.0|1614.0|2270.0;42|161;139;7;"instance:#0001fb;"
999159;1517.0|2215.0|1518.0|2283.0;1518.0|2283.0|1518.0|2215.0|1517.0|2215.0|1517.0|2283.0;42|161;138;7;"instance:#0001f0;"
999132;1698.0|2199.0|1699.0|2272.0;1699.0|2272.0|1699.0|2199.0|1698.0|2199.0|1698.0|2272.0;42|161;134;7;"instance:#0001d5;"
999169;1656.0|2207.0|1657.0|2272.0;1657.0|2272.0|1657.0|2207.0|1656.0|2207.0|1656.0|2272.0;42|161;132;7;"instance:#0001fa;"
999071;782.0|1278.0|783.0|1343.0;783.0|1343.0|783.0|1278.0|782.0|1278.0|782.0|1343.0;42|161;132;7;"instance:#00016c;"
998919;1226.0|327.0|1227.0|392.0;1227.0|392.0|1227.0|327.0|1226.0|327.0|1226.0|392.0;42|161;131;7;"instance:#0000a4;"
998881;1760.0|350.0|1762.0|401.0;1762.0|350.0|1760.0|350.0|1760.0|401.0|1762.0|401.0;42|161;129;7;"instance:#00007e;"
998840;1380.0|318.0|1381.0|389.0;1381.0|389.0|1381.0|318.0|1380.0|318.0|1380.0|389.0;42|161;128;7;"instance:#000055;"
998892;370.0|480.0|371.0|543.0;371.0|543.0|371.0|480.0|370.0|480.0|370.0|543.0;42|161;127;7;"instance:#000089;"
998886;460.0|489.0|461.0|552.0;461.0|552.0|461.0|489.0|460.0|489.0|460.0|552.0;42|161;127;7;"instance:#000083;"
999224;885.0|2029.0|887.0|2070.0;887.0|2029.0|885.0|2029.0|885.0|2070.0|887.0|2070.0;42|161;126;7;"instance:#000231;"
998926;992.0|318.0|993.0|387.0;993.0|387.0|993.0|318.0|992.0|318.0|992.0|387.0;42|161;125;7;"instance:#0000ab;"
999157;1470.0|2240.0|1472.0|2283.0;1472.0|2283.0|1472.0|2240.0|1470.0|2240.0|1470.0|2283.0;42|161;124;7;"instance:#0001ee;"
999034;659.0|1225.0|660.0|1287.0;660.0|1287.0|660.0|1225.0|659.0|1225.0|659.0|1287.0;42|161;124;7;"instance:#000147;"
998884;1508.0|299.0|1509.0|360.0;1509.0|299.0|1508.0|299.0|1508.0|360.0|1509.0|360.0;42|161;124;7;"instance:#000081;"
999072;912.0|1290.0|913.0|1349.0;913.0|1349.0|913.0|1290.0|912.0|1290.0|912.0|1349.0;42|161;119;7;"instance:#00016d;"
998821;1226.0|471.0|1227.0|532.0;1227.0|532.0|1227.0|471.0|1226.0|471.0|1226.0|532.0;42|161;118;7;"instance:#000042;"
999027;525.0|1247.0|526.0|1305.0;526.0|1305.0|526.0|1247.0|525.0|1247.0|525.0|1305.0;42|161;118;7;"instance:#000140;"
999205;356.0|2180.0|358.0|2218.0;358.0|2218.0|358.0|2180.0|356.0|2180.0|356.0|2218.0;42|161;117;7;"instance:#00021e;"
998929;940.0|310.0|941.0|374.0;941.0|374.0|941.0|310.0|940.0|310.0|940.0|374.0;42|161;116;7;"instance:#0000ae;"
999065;821.0|1288.0|822.0|1345.0;822.0|1288.0|821.0|1288.0|821.0|1345.0|822.0|1345.0;42|161;114;7;"instance:#000166;"
999108;1348.0|2376.0|1349.0|2431.0;1349.0|2376.0|1348.0|2376.0|1348.0|2431.0|1349.0|2431.0;42|161;112;7;"instance:#0001bd;"
998851;1812.0|359.0|1813.0|420.0;1813.0|420.0|1813.0|359.0|1812.0|359.0|1812.0|420.0;42|161;112;7;"instance:#000060;"
999085;742.0|1414.0|743.0|1469.0;743.0|1414.0|742.0|1414.0|742.0|1469.0|743.0|1469.0;42|161;112;7;"instance:#00017a;"
998873;1630.0|310.0|1631.0|365.0;1631.0|365.0|1631.0|310.0|1630.0|310.0|1630.0|365.0;42|161;110;7;"instance:#000076;"
998820;1472.0|294.0|1473.0|356.0;1473.0|356.0|1473.0|294.0|1472.0|294.0|1472.0|356.0;42|161;110;7;"instance:#000041;"
998964;1439.0|1250.0|1440.0|1311.0;1440.0|1250.0|1439.0|1250.0|1439.0|1311.0|1440.0|1311.0;42|161;109;7;"instance:#000101;"
999019;1743.0|1232.0|1744.0|1286.0;1744.0|1286.0|1744.0|1232.0|1743.0|1232.0|1743.0|1286.0;42|161;108;7;"instance:#000138;"
998818;248.0|448.0|276.0|451.0;276.0|451.0|276.0|448.0|248.0|448.0|248.0|451.0;2|138;108;7;"instance:#000038;"
999128;1783.0|2210.0|1784.0|2277.0;1784.0|2277.0|1784.0|2210.0|1783.0|2210.0|1783.0|2277.0;42|161;107;7;"instance:#0001d1;"
999134;1741.0|2215.0|1742.0|2274.0;1742.0|2274.0|1742.0|2215.0|1741.0|2215.0|1741.0|2274.0;42|161;106;7;"instance:#0001d7;"
999061;840.0|1412.0|841.0|1464.0;841.0|1464.0|841.0|1412.0|840.0|1412.0|840.0|1464.0;42|161;104;7;"instance:#000162;"
999018;1743.0|1420.0|1744.0|1472.0;1744.0|1472.0|1744.0|1420.0|1743.0|1420.0|1743.0|1472.0;42|161;104;7;"instance:#000137;"
998903;509.0|504.0|510.0|556.0;510.0|556.0|510.0|504.0|509.0|504.0|509.0|556.0;42|161;104;7;"instance:#000094;"
999162;1555.0|2232.0|1556.0|2283.0;1556.0|2283.0|1556.0|2232.0|1555.0|2232.0|1555.0|2283.0;42|161;104;7;"instance:#0001f3;"
998917;272.0|661.0|273.0|712.0;273.0|712.0|273.0|661.0|272.0|661.0|272.0|712.0;42|161;103;7;"instance:#0000a2;"
999127;1825.0|2223.0|1826.0|2280.0;1826.0|2280.0|1826.0|2223.0|1825.0|2223.0|1825.0|2280.0;42|161;102;7;"instance:#0001d0;"
999062;872.0|1297.0|873.0|1347.0;873.0|1347.0|873.0|1297.0|872.0|1297.0|872.0|1347.0;42|161;101;7;"instance:#000163;"
999231;714.0|2185.0|715.0|2234.0;715.0|2234.0|715.0|2185.0|714.0|2185.0|714.0|2234.0;42|161;100;7;"instance:#000238;"
999185;422.0|2021.0|423.0|2070.0;423.0|2070.0|423.0|2021.0|422.0|2021.0|422.0|2070.0;42|161;100;7;"instance:#00020a;"
998890;397.0|496.0|398.0|546.0;398.0|546.0|398.0|496.0|397.0|496.0|397.0|546.0;42|161;100;7;"instance:#000087;"
999014;1542.0|1449.0|1543.0|1499.0;1543.0|1499.0|1543.0|1449.0|1542.0|1449.0|1542.0|1499.0;42|161;100;7;"instance:#000133;"
999022;1704.0|1229.0|1705.0|1279.0;1705.0|1279.0|1705.0|1229.0|1704.0|1229.0|1704.0|1279.0;42|161;100;7;"instance:#00013b;"
998932;1158.0|335.0|1159.0|392.0;1159.0|335.0|1158.0|335.0|1158.0|392.0|1159.0|392.0;42|161;99;7;"instance:#0000b1;"
998961;1459.0|1441.0|1460.0|1490.0;1460.0|1441.0|1459.0|1441.0|1459.0|1490.0|1460.0|1490.0;42|161;98;7;"instance:#0000fe;"
999204;338.0|2029.0|339.0|2077.0;339.0|2077.0|339.0|2029.0|338.0|2029.0|338.0|2077.0;42|161;98;7;"instance:#00021d;"
999032;608.0|1233.0|609.0|1280.0;609.0|1233.0|608.0|1233.0|608.0|1280.0|609.0|1280.0;42|161;96;7;"instance:#000145;"
998978;1230.0|1417.0|1231.0|1466.0;1231.0|1466.0|1231.0|1417.0|1230.0|1417.0|1230.0|1466.0;42|161;95;7;"instance:#00010f;"
998981;1822.0|1237.0|1823.0|1286.0;1823.0|1286.0|1823.0|1237.0|1822.0|1237.0|1822.0|1286.0;42|161;95;7;"instance:#000112;"
999179;527.0|2013.0|528.0|2067.0;528.0|2067.0|528.0|2013.0|527.0|2013.0|527.0|2067.0;42|161;95;7;"instance:#000204;"
999116;1074.0|2013.0|1075.0|2067.0;1075.0|2067.0|1075.0|2013.0|1074.0|2013.0|1074.0|2067.0;42|161;95;7;"instance:#0001c5;"
999209;272.0|2180.0|273.0|2226.0;273.0|2226.0|273.0|2180.0|272.0|2180.0|272.0|2226.0;42|161;94;7;"instance:#000222;"
999220;989.0|2180.0|990.0|2226.0;990.0|2226.0|990.0|2180.0|989.0|2180.0|989.0|2226.0;42|161;94;7;"instance:#00022d;"
999219;970.0|2021.0|971.0|2067.0;971.0|2067.0|971.0|2021.0|970.0|2021.0|970.0|2067.0;42|161;94;7;"instance:#00022c;"
999011;1664.0|1226.0|1665.0|1272.0;1665.0|1272.0|1665.0|1226.0|1664.0|1226.0|1664.0|1272.0;42|161;94;7;"instance:#000130;"
998959;1522.0|1235.0|1523.0|1287.0;1523.0|1287.0|1523.0|1235.0|1522.0|1235.0|1522.0|1287.0;42|161;90;7;"instance:#0000fc;"
998875;1594.0|319.0|1595.0|364.0;1595.0|364.0|1595.0|319.0|1594.0|319.0|1594.0|364.0;42|161;90;7;"instance:#000078;"
999213;801.0|2379.0|802.0|2431.0;802.0|2431.0|802.0|2379.0|801.0|2379.0|801.0|2431.0;42|161;90;7;"instance:#000226;"
999035;545.0|1432.0|546.0|1477.0;546.0|1477.0|546.0|1432.0|545.0|1432.0|545.0|1477.0;42|161;89;7;"instance:#000148;"
999230;611.0|2379.0|612.0|2423.0;612.0|2423.0|612.0|2379.0|611.0|2379.0|611.0|2423.0;42|161;89;7;"instance:#000237;"
999212;820.0|2180.0|821.0|2224.0;821.0|2224.0|821.0|2180.0|820.0|2180.0|820.0|2224.0;42|161;88;7;"instance:#000225;"
999104;1348.0|2234.0|1349.0|2283.0;1349.0|2283.0|1349.0|2234.0|1348.0|2234.0|1348.0|2283.0;42|161;88;7;"instance:#0001b9;"
999226;630.0|2180.0|631.0|2224.0;631.0|2224.0|631.0|2180.0|630.0|2180.0|630.0|2224.0;42|161;88;7;"instance:#000233;"
999188;545.0|2175.0|546.0|2218.0;546.0|2218.0|546.0|2175.0|545.0|2175.0|545.0|2218.0;42|161;88;7;"instance:#00020d;"
999064;640.0|1439.0|641.0|1482.0;641.0|1482.0|641.0|1439.0|640.0|1439.0|640.0|1482.0;42|161;88;7;"instance:#000165;"
999012;1605.0|1218.0|1606.0|1262.0;1606.0|1262.0|1606.0|1218.0|1605.0|1218.0|1605.0|1262.0;42|161;88;7;"instance:#000131;"
999122;1159.0|2376.0|1160.0|2419.0;1160.0|2419.0|1160.0|2376.0|1159.0|2376.0|1159.0|2419.0;42|161;88;7;"instance:#0001cb;"
999175;441.0|2180.0|442.0|2223.0;442.0|2223.0|442.0|2180.0|441.0|2180.0|441.0|2223.0;42|161;87;7;"instance:#000200;"
998935;1106.0|327.0|1107.0|377.0;1107.0|377.0|1107.0|327.0|1106.0|327.0|1106.0|377.0;42|161;87;7;"instance:#0000b4;"
998974;1288.0|1425.0|1289.0|1469.0;1289.0|1469.0|1289.0|1425.0|1288.0|1425.0|1288.0|1469.0;42|161;84;7;"instance:#00010b;"
998835;1258.0|342.0|1259.0|389.0;1259.0|389.0|1259.0|342.0|1258.0|342.0|1258.0|389.0;42|161;80;7;"instance:#000050;"
999225;904.0|2180.0|905.0|2218.0;905.0|2218.0|905.0|2180.0|904.0|2180.0|904.0|2218.0;42|161;78;7;"instance:#000232;"
999228;696.0|2388.0|697.0|2426.0;697.0|2426.0|697.0|2388.0|696.0|2388.0|696.0|2426.0;42|161;77;7;"instance:#000235;"
998839;1380.0|520.0|1381.0|558.0;1381.0|558.0|1381.0|520.0|1380.0|520.0|1380.0|558.0;42|161;76;7;"instance:#000054;"
999121;1178.0|2183.0|1179.0|2226.0;1179.0|2226.0|1179.0|2183.0|1178.0|2183.0|1178.0|2226.0;42|161;74;7;"instance:#0001ca;"
999096;1262.0|2189.0|1263.0|2231.0;1263.0|2231.0|1263.0|2189.0|1262.0|2189.0|1262.0|2231.0;42|161;73;7;"instance:#0001b1;"
999069;1004.0|1210.0|1005.0|1246.0;1005.0|1246.0|1005.0|1210.0|1004.0|1210.0|1004.0|1246.0;42|161;72;7;"instance:#00016a;"
999206;253.0|2048.0|254.0|2084.0;254.0|2084.0|254.0|2048.0|253.0|2048.0|253.0|2084.0;42|161;72;7;"instance:#00021f;"
999164;1386.0|2248.0|1387.0|2283.0;1387.0|2283.0|1387.0|2248.0|1386.0|2248.0|1386.0|2283.0;42|161;72;7;"instance:#0001f5;"
999097;1243.0|2386.0|1244.0|2422.0;1244.0|2422.0|1244.0|2386.0|1243.0|2386.0|1243.0|2422.0;42|161;72;7;"instance:#0001b2;"
999109;1093.0|2175.0|1094.0|2215.0;1094.0|2215.0|1094.0|2175.0|1093.0|2175.0|1093.0|2215.0;42|161;71;7;"instance:#0001be;"
998947;1371.0|1332.0|1402.0|1334.0;1402.0|1334.0|1402.0|1332.0|1371.0|1332.0|1371.0|1334.0;2|138;71;7;"instance:#0000d9;"
999081;702.0|1218.0|703.0|1253.0;703.0|1253.0|703.0|1218.0|702.0|1218.0|702.0|1253.0;42|161;70;7;"instance:#000176;"
998811;1053.0|279.0|1083.0|281.0;1083.0|281.0|1083.0|279.0|1053.0|279.0|1053.0|281.0;2|138;68;7;"instance:#00002b;"
998812;887.0|279.0|917.0|281.0;917.0|281.0|917.0|279.0|887.0|279.0|887.0|281.0;2|138;68;7;"instance:#00002c;"
999093;521.0|2017.0|552.0|2019.0;552.0|2019.0|552.0|2017.0|521.0|2017.0|521.0|2019.0;2|138;67;7;"instance:#0001a9;"
998967;1195.0|1210.0|1196.0|1245.0;1196.0|1245.0|1196.0|1210.0|1195.0|1210.0|1195.0|1245.0;42|161;67;7;"instance:#000104;"
999059;273.0|1205.0|274.0|1237.0;274.0|1237.0|274.0|1205.0|273.0|1205.0|273.0|1237.0;42|161;64;7;"instance:#000160;"
999091;1069.0|2017.0|1099.0|2019.0;1099.0|2019.0|1099.0|2017.0|1069.0|2017.0|1069.0|2019.0;2|138;64;7;"instance:#0001a7;"
998951;361.0|1332.0|391.0|1334.0;391.0|1334.0|391.0|1332.0|361.0|1332.0|361.0|1334.0;2|138;51;7;"instance:#0000dd;"
998815;1466.0|547.0|1497.0|550.0;1497.0|550.0|1497.0|547.0|1466.0|547.0|1466.0|550.0;2|138;50;7;"instance:#000035;"
999090;1609.0|2186.0|1639.0|2189.0;1639.0|2189.0|1639.0|2186.0|1609.0|2186.0|1609.0|2189.0;2|138;44;7;"instance:#0001a5;"
998816;670.0|547.0|700.0|550.0;700.0|550.0|700.0|547.0|670.0|547.0|670.0|550.0;2|138;44;7;"instance:#000036;"
998832;1291.0|360.0|1292.0|389.0;1292.0|389.0|1292.0|360.0|1291.0|360.0|1291.0|389.0;42|161;44;7;"instance:#00004d;"
998950;457.0|1332.0|488.0|1334.0;488.0|1334.0|488.0|1332.0|457.0|1332.0|457.0|1334.0;2|138;37;7;"instance:#0000dc;"
998949;1091.0|1332.0|1122.0|1334.0;1122.0|1334.0|1122.0|1332.0|1091.0|1332.0|1091.0|1334.0;2|138;36;7;"instance:#0000db;"
999103;1375.0|2362.0|1381.0|2368.0;1382.0|2365.0|1378.0|2361.0|1374.0|2365.0|1378.0|2369.0;41|160;35;7;"instance:#0001b8;"
998810;1416.0|279.0|1446.0|281.0;1446.0|281.0|1446.0|279.0|1416.0|279.0|1416.0|281.0;2|138;33;7;"instance:#00002a;"
999094;417.0|2017.0|447.0|2019.0;447.0|2019.0|447.0|2017.0|417.0|2017.0|417.0|2019.0;2|138;33;7;"instance:#0001aa;"
998814;248.0|717.0|278.0|719.0;278.0|719.0|278.0|717.0|248.0|717.0|248.0|719.0;2|138;33;7;"instance:#000034;"
999092;965.0|2017.0|995.0|2019.0;995.0|2019.0|995.0|2017.0|965.0|2017.0|965.0|2019.0;2|138;33;7;"instance:#0001a8;"
998830;1499.0|538.0|1504.0|543.0;1504.0|538.0|1499.0|538.0|1499.0|543.0|1504.0|543.0;41|160;33;7;"instance:#00004b;"
998952;303.0|1332.0|333.0|1334.0;333.0|1334.0|333.0|1332.0|303.0|1332.0|303.0|1334.0;2|138;33;7;"instance:#0000de;"
998918;281.0|707.0|286.0|712.0;286.0|707.0|281.0|707.0|281.0|712.0|286.0|712.0;41|160;33;7;"instance:#0000a3;"
998948;1283.0|1332.0|1313.0|1334.0;1313.0|1334.0|1313.0|1332.0|1283.0|1332.0|1283.0|1334.0;2|138;33;7;"instance:#0000da;"
998897;703.0|488.0|708.0|493.0;708.0|488.0|703.0|488.0|703.0|493.0|708.0|493.0;41|160;32;7;"instance:#00008e;"
998899;703.0|538.0|708.0|543.0;708.0|538.0|703.0|538.0|703.0|543.0|708.0|543.0;41|160;32;7;"instance:#000090;"
998828;1499.0|488.0|1505.0|493.0;1505.0|488.0|1499.0|488.0|1499.0|493.0|1505.0|493.0;41|160;32;7;"instance:#000049;"
998817;248.0|432.0|276.0|434.0;276.0|434.0|276.0|432.0|248.0|432.0|248.0|434.0;2|138;27;7;"instance:#000037;"
